[
  {
    "id": "07d458f1-9a79-46e4-ba7e-3384c5edd099",
    "data": [
      {
        "text": "collection",
        "userDefined": false
      }
    ],
    "isTemplate": false,
    "count": 0,
    "updated": 0
  },
  {
    "id": "e0505992-29a6-4cab-8247-890c2664a6f2",
    "data": [
      {
        "text": "rubbish collection",
        "userDefined": false
      }
    ],
    "isTemplate": false,
    "count": 0,
    "updated": 0
  },
  {
    "id": "1a550df0-f0d5-49af-bf25-4aff3942be14",
    "data": [
      {
        "text": "green",
        "alias": "color",
        "meta": "@sys.color",
        "userDefined": false
      },
      {
        "text": " collection",
        "userDefined": false
      }
    ],
    "isTemplate": false,
    "count": 1,
    "updated": 0
  },
  {
    "id": "91779787-8835-4708-8829-93335fd7272a",
    "data": [
      {
        "text": "waste collection",
        "userDefined": false
      }
    ],
    "isTemplate": false,
    "count": 0,
    "updated": 0
  },
  {
    "id": "0e3b6be9-950d-412e-8054-26d621c58ae3",
    "data": [
      {
        "text": "recycle collection",
        "userDefined": false
      }
    ],
    "isTemplate": false,
    "count": 0,
    "updated": 0
  }
]